date,news_count,mean_overall_sentiment,mean_ticker_sentiment,mean_ticker_relevance,sentiment_std,weighted_ticker_sentiment
2015-01-15,1,-0.338728,-0.341591,0.829155,0.0,-0.341591
2015-02-20,1,0.037941,-0.11178,0.655509,0.0,-0.11178
2015-04-20,1,0.273686,0.032659,0.617559,0.0,0.032659
2015-06-19,1,0.282443,0.242862,0.641579,0.0,0.242862
2015-07-08,1,-0.2013,0.146247,0.607078,0.0,0.146247
2015-07-20,1,-0.257724,-0.737162,0.620243,0.0,-0.737162
2015-07-27,1,-0.2173,-0.711757,0.60089,0.0,-0.711757
2015-08-10,1,0.066667,-0.240907,0.635445,0.0,-0.24090700000000004
2015-08-12,1,0.518892,0.429996,0.562022,0.0,0.429996
2015-08-18,1,0.301053,0.328924,0.604216,0.0,0.328924
2016-01-18,1,-0.121304,-0.216758,0.588479,0.0,-0.216758
2016-01-20,1,0.934902,0.913714,1.0,0.0,0.913714
2016-01-27,1,0.162508,0.204252,0.612409,0.0,0.204252
2016-02-01,2,0.03706949999999999,0.21882449999999998,0.823786,0.13217593507329536,0.2388168292881889
2016-02-08,1,0.16209,0.336235,0.700963,0.0,0.336235
2016-02-09,1,0.433368,0.427634,1.0,0.0,0.427634
2016-02-10,1,0.421674,0.447219,1.0,0.0,0.447219
2016-02-17,1,0.446556,0.410931,1.0,0.0,0.410931
2016-02-19,1,0.402346,0.405255,1.0,0.0,0.405255
2016-02-27,1,0.212287,0.187918,0.635485,0.0,0.187918
2016-02-29,1,0.364851,0.793989,0.981109,0.0,0.793989
2016-03-01,1,0.399496,0.301565,0.583126,0.0,0.301565
2016-03-18,1,0.008266,0.034399,0.336252,0.0,0.034399
2016-03-22,1,0.272518,0.427403,1.0,0.0,0.427403
2016-04-05,1,0.48483,0.499739,1.0,0.0,0.499739
2016-05-01,1,0.403819,0.403522,1.0,0.0,0.403522
2016-05-03,1,0.279072,0.455138,1.0,0.0,0.455138
2016-05-10,1,0.476608,0.472499,1.0,0.0,0.472499
2016-05-11,1,0.49474,0.451411,1.0,0.0,0.451411
2016-05-18,1,0.278853,0.171173,0.588542,0.0,0.171173
2016-05-19,1,0.420504,0.419758,1.0,0.0,0.419758
2016-05-20,1,0.440719,0.428482,1.0,0.0,0.428482
2016-06-20,1,-0.088107,0.113638,0.625689,0.0,0.113638
2016-06-29,2,0.3435985,0.4662425,1.0,0.03047559516235901,0.4662425
2016-07-01,1,0.359587,0.449779,1.0,0.0,0.449779
2016-07-11,1,0.305073,0.44838,1.0,0.0,0.44838
2016-08-08,1,0.197566,0.118676,0.613502,0.0,0.118676
2016-08-15,2,0.336967,0.3143285,0.782313,0.019880307153059783,0.31158396383608605
2016-09-15,1,0.422431,0.40951,1.0,0.0,0.40951
2016-09-26,1,0.17993,0.412017,1.0,0.0,0.412017
2016-10-03,1,0.176627,0.117658,0.637728,0.0,0.117658
2016-10-26,2,0.252579,0.22847,0.7172590000000001,0.14530620089314839,0.21501743855427397
2016-11-02,1,0.307453,0.456484,1.0,0.0,0.456484
2016-11-10,2,0.392805,0.4430465,1.0,0.0028871169875846953,0.4430465
2016-11-14,1,-0.247673,-0.206618,1.0,0.0,-0.206618
2016-11-16,1,-0.211617,-0.229868,1.0,0.0,-0.229868
2016-12-12,1,0.446851,0.411829,0.64651,0.0,0.411829
2016-12-28,1,0.212315,0.429439,1.0,0.0,0.429439
2017-01-01,1,0.16389,0.130232,0.646505,0.0,0.130232
2017-01-06,1,-0.264063,-0.206655,0.539457,0.0,-0.206655
2017-01-12,1,0.20257,0.411186,1.0,0.0,0.411186
2017-01-19,1,-0.416082,-0.625832,1.0,0.0,-0.625832
2017-01-21,1,-0.443485,-0.437757,1.0,0.0,-0.437757
2017-02-14,1,0.040814,0.015435,1.0,0.0,0.015435
2017-02-16,1,0.294494,0.323255,0.916457,0.0,0.323255
2017-02-28,1,0.078027,0.144518,0.638878,0.0,0.144518
2017-03-06,1,0.243495,0.141551,0.625151,0.0,0.141551
2017-03-21,1,0.266651,0.490367,1.0,0.0,0.490367
2017-05-02,1,0.039006,0.048262,0.326317,0.0,0.048262
2017-05-04,1,0.28686,0.414189,1.0,0.0,0.414189
2017-05-16,1,0.241374,0.136907,0.604081,0.0,0.136907
2017-05-17,1,0.412372,0.445557,1.0,0.0,0.445557
2017-06-12,1,0.129229,0.142701,0.619826,0.0,0.142701
2017-06-21,1,0.436411,0.40802,1.0,0.0,0.40802
2017-07-13,3,0.39218,0.43174633333333334,1.0,0.013303267731400939,0.43174633333333334
2017-07-14,1,0.477191,0.473927,1.0,0.0,0.473927
2017-07-15,1,0.526185,0.533381,1.0,0.0,0.533381
2017-07-19,1,0.284869,0.434386,1.0,0.0,0.434386
2017-07-21,1,0.383818,0.350778,1.0,0.0,0.350778
2017-07-25,1,-0.112029,-0.113947,1.0,0.0,-0.113947
2017-07-27,1,0.430107,0.320092,0.601315,0.0,0.320092
2017-08-07,1,0.505138,0.644475,0.6471,0.0,0.644475
2017-08-21,1,0.678577,0.798582,0.999012,0.0,0.798582
2017-09-18,1,0.052313,-0.122912,0.606827,0.0,-0.122912
2017-09-19,2,0.230297,0.184602,0.6159005,0.05861349530611528,0.18501481097677305
2017-11-08,1,0.221277,0.258657,0.642419,0.0,0.258657
2017-11-28,1,0.348408,0.323515,0.636598,0.0,0.323515
2017-11-30,1,0.479623,0.492374,1.0,0.0,0.492374
2017-12-04,2,0.5799385,0.6062325,0.814792,0.38754754909881695,0.6685231671886813
2017-12-07,1,0.381611,0.416424,0.958583,0.0,0.416424
2017-12-12,1,-0.124457,-0.077531,0.599189,0.0,-0.077531
2017-12-15,1,0.512475,0.538871,1.0,0.0,0.538871
2018-01-09,1,0.437011,0.441709,1.0,0.0,0.441709
2018-01-22,1,0.001083,0.043855,1.0,0.0,0.043855
2018-02-13,1,0.329495,0.247078,0.624489,0.0,0.24707799999999996
2018-02-20,2,0.41049650000000004,0.427017,1.0,0.005282087655463513,0.427017
2018-02-21,1,0.519628,0.538656,1.0,0.0,0.538656
2018-02-26,1,0.11335,0.13668,0.747199,0.0,0.13668
2018-03-07,1,0.446173,0.44449,1.0,0.0,0.44449
2018-03-08,1,0.301953,0.305448,0.600907,0.0,0.305448
2018-03-15,1,0.324919,0.305843,1.0,0.0,0.305843
2018-03-16,1,0.448829,0.407782,1.0,0.0,0.407782
2018-03-20,1,0.443942,0.42637,1.0,0.0,0.42637
2018-03-22,1,0.424819,0.331067,0.738502,0.0,0.331067
2018-03-26,1,-0.297956,-0.298649,0.907593,0.0,-0.298649
2018-03-28,2,0.2753495,0.378003,1.0,0.06347414731999157,0.378003
2018-04-03,1,0.16485,0.108046,0.628921,0.0,0.10804599999999999
2018-04-09,1,0.429241,0.427921,1.0,0.0,0.427921
2018-04-12,2,0.2365495,0.17287999999999998,0.8182975,0.0935049723169843,0.15819853525765384
2018-04-13,1,0.190304,0.122867,0.949809,0.0,0.122867
2018-04-16,2,0.26645250000000004,0.319894,0.648576,0.4265989353034065,0.4735617101049068
2018-04-18,1,0.143986,0.133427,0.63974,0.0,0.133427
2018-04-24,1,0.132452,0.242774,0.641543,0.0,0.24277400000000002
2018-04-27,1,0.47831,0.241154,0.620389,0.0,0.241154
2018-05-15,1,0.390292,0.304199,0.625465,0.0,0.304199
2018-05-18,1,0.138974,0.120552,0.554643,0.0,0.120552
2018-05-21,2,0.303871,0.4443975,1.0,0.027831015800721347,0.4443975
2018-05-22,2,0.2759205,0.412522,0.9999750000000001,0.020405687491481424,0.4125223607340183
2018-06-05,1,0.265724,0.104703,0.739621,0.0,0.104703
2018-06-14,2,0.287618,0.4243185,1.0,0.0003146625176280339,0.4243185
2018-06-15,1,0.134256,0.142905,1.0,0.0,0.142905
2018-06-29,2,0.358576,0.38860399999999995,0.8132699999999999,0.10816895274523095,0.40616571690828385
2018-07-03,1,0.16275,0.148933,0.628591,0.0,0.148933
2018-07-09,1,0.2446,0.106055,0.63018,0.0,0.106055
2018-07-11,1,0.009859,0.033223,0.326067,0.0,0.033223
2018-07-13,1,0.031358,0.046048,0.3404,0.0,0.046048
2018-07-15,1,0.279536,0.327108,1.0,0.0,0.327108
2018-07-25,3,0.298943,0.3439773333333333,1.0,0.13389167361092075,0.3439773333333333
2018-08-02,1,0.596437,0.345007,0.623751,0.0,0.345007
2018-08-13,1,0.444143,0.440816,1.0,0.0,0.440816
2018-08-20,2,0.19234,0.177297,0.481145,0.22729806059885332,0.22766828808986894
2018-08-22,1,0.281592,0.341952,0.64369,0.0,0.341952
2018-08-29,2,0.2357255,0.16966150000000002,0.6379025,0.052470858697947764,0.16905203609877686
2018-09-06,1,0.329099,0.338664,0.602848,0.0,0.338664
2018-09-14,1,0.294141,0.434617,1.0,0.0,0.434617
2018-09-20,3,0.13321566666666668,0.2856666666666667,0.7734710000000001,0.22899172651939487,0.36308996743984795
2018-09-21,1,0.340568,0.305952,1.0,0.0,0.305952
2018-09-24,1,0.344726,0.44667,1.0,0.0,0.44667
2018-09-27,1,0.338689,0.30269,0.936643,0.0,0.30269
2018-10-01,1,0.454242,0.461572,1.0,0.0,0.461572
2018-10-03,1,0.282226,0.275614,1.0,0.0,0.275614
2018-10-05,1,0.245619,0.149363,0.700751,0.0,0.149363
2018-10-09,1,0.148768,0.100719,0.644135,0.0,0.10071900000000002
2018-10-15,1,0.266528,0.418964,1.0,0.0,0.418964
2018-10-17,1,0.376388,0.348295,0.619233,0.0,0.348295
2018-10-18,1,0.282527,0.415959,0.98207,0.0,0.415959
2018-10-30,1,0.154329,0.173438,0.620499,0.0,0.173438
2018-11-01,1,0.173238,0.136118,0.740771,0.0,0.136118
2018-11-06,1,0.361153,0.43026,0.703213,0.0,0.4302599999999999
2018-11-11,1,0.222961,0.210098,0.634887,0.0,0.210098
2018-11-18,1,0.216773,0.149566,0.630259,0.0,0.149566
2018-12-04,1,0.380763,0.304841,0.621041,0.0,0.304841
2018-12-07,1,0.352291,0.324591,0.627067,0.0,0.324591
2018-12-10,1,0.581228,0.533667,0.731291,0.0,0.533667
2018-12-12,2,0.42332000000000003,0.663327,0.8199325,0.321255581255797,0.713214635183384
2018-12-13,2,0.3468935,0.2940315,0.8220205,0.03088006024119773,0.29875920614875173
2019-01-23,1,0.400489,0.423979,1.0,0.0,0.423979
2019-01-24,1,0.279359,0.289463,1.0,0.0,0.289463
2019-01-31,1,0.363397,0.430357,1.0,0.0,0.430357
2019-02-05,1,0.334992,0.335165,1.0,0.0,0.335165
2019-03-06,1,-0.250639,-0.255435,1.0,0.0,-0.255435
2019-03-12,1,0.015767,0.020703,1.0,0.0,0.020703
2019-03-19,1,0.232207,0.148087,0.614532,0.0,0.148087
2019-03-20,1,0.219212,0.134417,0.605608,0.0,0.134417
2019-03-21,1,-0.623483,-0.644452,1.0,0.0,-0.644452
2019-04-01,1,0.024755,0.029361,0.324154,0.0,0.029361000000000005
2019-04-08,1,0.183788,0.132026,0.609352,0.0,0.132026
2019-04-12,1,0.486303,0.499067,1.0,0.0,0.499067
2019-04-25,1,-0.072305,0.478014,1.0,0.0,0.478014
2019-04-30,2,0.44096250000000003,0.42921750000000003,0.6725300000000001,0.1292089150194366,0.41986586053930675
2019-05-07,1,0.194416,0.207256,0.634982,0.0,0.20725599999999997
2019-05-13,1,0.371637,0.42734,1.0,0.0,0.42734
2019-05-14,1,0.481139,0.468981,1.0,0.0,0.468981
2019-05-22,1,0.411318,0.413953,1.0,0.0,0.413953
2019-05-30,1,0.336056,0.336187,0.576087,0.0,0.336187
2019-06-01,1,0.350824,0.351867,0.641973,0.0,0.351867
2019-06-02,1,0.290137,0.330926,0.727594,0.0,0.330926
2019-06-03,1,0.111228,0.14327,0.821744,0.0,0.14327
2019-06-11,1,0.226737,0.121179,0.62563,0.0,0.121179
2019-06-17,1,0.115027,0.299266,1.0,0.0,0.299266
2019-06-18,2,0.361298,0.44358200000000003,1.0,0.0420813387619738,0.44358200000000003
2019-06-26,1,0.178631,0.322292,1.0,0.0,0.322292
2019-07-01,1,0.423044,0.420856,1.0,0.0,0.420856
2019-07-10,1,0.3483,0.348844,0.922868,0.0,0.348844
2019-07-16,1,0.347668,0.200786,0.595755,0.0,0.200786
2019-07-19,1,0.231136,0.182539,0.610333,0.0,0.182539
2019-08-16,1,0.409747,0.322424,0.625734,0.0,0.322424
2019-08-23,1,0.345323,0.336725,0.639247,0.0,0.336725
2019-08-29,1,0.233499,0.242743,0.613144,0.0,0.24274300000000001
2019-08-31,1,0.120814,-0.108705,1.0,0.0,-0.108705
2019-09-03,1,0.09158,0.141541,0.645553,0.0,0.141541
2019-09-08,1,0.305663,0.432098,1.0,0.0,0.432098
2019-09-10,1,0.482338,0.487185,1.0,0.0,0.487185
2019-09-16,1,0.408816,0.432735,1.0,0.0,0.432735
2019-09-20,2,-0.0714435,-0.03666699999999999,0.819217,0.2344907507770829,-0.07325758494879867
2019-09-23,1,0.280641,0.472106,1.0,0.0,0.472106
2019-09-26,1,0.21137,0.22007,0.801098,0.0,0.22007
2019-10-09,2,-0.23778,-0.297981,1.0,0.02063196166146111,-0.297981
2019-10-14,2,0.24006650000000002,0.390575,1.0,0.12689455452461307,0.390575
2019-10-15,1,0.186246,0.340115,1.0,0.0,0.340115
2019-10-17,1,0.449257,0.429751,1.0,0.0,0.429751
2019-10-21,1,0.327266,0.333785,0.625974,0.0,0.333785
2019-10-26,3,-0.41708033333333333,-0.4260543333333333,1.0,0.19857147418834695,-0.4260543333333333
2019-10-29,1,-0.123165,-0.119017,0.71944,0.0,-0.119017
2019-11-01,1,0.349017,0.320861,0.91266,0.0,0.320861
2019-11-03,1,0.365051,0.267195,0.612197,0.0,0.267195
2019-11-04,1,0.427205,0.404031,1.0,0.0,0.404031
2019-11-05,1,0.378988,0.36007,1.0,0.0,0.36007
2019-11-07,6,0.4851986666666667,0.49414749999999996,1.0,0.07257522300275766,0.49414749999999996
2019-11-08,1,0.258443,0.283674,1.0,0.0,0.283674
2019-11-16,1,0.427372,0.323819,0.731792,0.0,0.323819
2019-11-19,1,0.333966,0.469981,1.0,0.0,0.469981
2019-11-20,1,0.344655,0.255084,0.583574,0.0,0.255084
2019-11-22,1,0.492297,0.458273,1.0,0.0,0.458273
2019-11-25,1,0.614404,0.639431,1.0,0.0,0.639431
2019-12-01,1,-0.628055,-0.617919,1.0,0.0,-0.617919
2019-12-04,1,0.111833,0.064358,0.569374,0.0,0.064358
2019-12-06,2,0.1420655,0.328786,0.9881059999999999,0.023972334095786346,0.32899004207038524
2019-12-12,1,0.35304,0.347678,0.628432,0.0,0.347678
2019-12-18,1,0.395464,0.396852,0.916003,0.0,0.396852
2019-12-23,1,0.024629,-0.233,1.0,0.0,-0.233
2020-01-07,1,0.231968,0.234522,1.0,0.0,0.234522
2020-01-28,1,0.034866,0.034644,0.602836,0.0,0.034644
2020-01-29,1,0.368965,0.283627,0.648012,0.0,0.283627
2020-01-31,2,0.24469800000000003,0.1748265,0.626251,0.07044834150283454,0.17630243863722372
2020-02-03,1,0.312278,0.340378,0.846764,0.0,0.34037799999999996
2020-02-11,1,0.497598,0.468446,1.0,0.0,0.468446
2020-02-17,1,0.402715,0.437327,1.0,0.0,0.437327
2020-02-18,1,0.450611,0.476017,1.0,0.0,0.476017
2020-02-25,1,0.34041,0.312311,0.929203,0.0,0.312311
2020-03-19,1,0.237259,0.222672,0.633989,0.0,0.22267200000000004
2020-03-24,1,0.198212,0.010911,0.637707,0.0,0.010911
2020-05-04,1,0.082054,-0.082527,0.573671,0.0,-0.082527
2020-05-06,1,0.088647,0.283281,0.986512,0.0,0.283281
2020-05-12,1,0.161312,0.115416,0.574341,0.0,0.115416
2020-05-14,1,0.445289,0.442063,1.0,0.0,0.442063
2020-05-19,1,0.023759,0.043359,0.307954,0.0,0.043359
2020-05-21,2,0.11885649999999999,0.114322,1.0,0.51055655186081,0.114322
2020-05-28,2,0.08612299999999999,0.1106955,1.0,0.4765779497044529,0.1106955
2020-06-02,1,0.492136,0.453692,1.0,0.0,0.453692
2020-06-12,1,0.042658,0.474446,1.0,0.0,0.474446
2020-06-13,2,0.3702845,0.48364050000000003,1.0,0.018645698713108075,0.48364050000000003
2020-06-19,1,0.196351,0.21609,0.700023,0.0,0.21608999999999998
2020-06-22,1,-0.210391,-0.415486,1.0,0.0,-0.415486
2020-06-30,1,0.229785,0.34784,0.603155,0.0,0.34784
2020-07-10,2,0.116757,0.1695435,0.6198079999999999,0.07698342237456063,0.16895058403166788
2020-07-14,2,-0.009474999999999997,-0.008009500000000003,1.0,0.3095847838323131,-0.008009500000000003
2020-07-21,2,0.5741845,0.650996,1.0,0.26044156964662923,0.650996
2020-07-27,3,0.3172063333333333,0.3010953333333333,0.8468443333333333,0.15330215570021624,0.3246576337961365
2020-07-31,2,-0.08204400000000002,-0.022806999999999994,0.8129465,0.40540977349837043,0.043153370993663176
2020-08-03,2,0.2039335,0.290264,1.0,0.2114093712255916,0.290264
2020-08-04,1,0.427395,0.409567,1.0,0.0,0.409567
2020-08-06,2,0.3603695,0.345766,0.808683,0.16189916862047193,0.3728495051064508
2020-08-12,4,0.342706,0.329997,0.93483925,0.13461089220416006,0.3312684455889074
2020-08-18,1,0.329352,0.414793,1.0,0.0,0.414793
2020-08-20,1,0.214125,0.146206,0.639102,0.0,0.146206
2020-08-24,2,0.343514,0.38882,0.859494,0.061381111247679476,0.3869960513080952
2020-08-25,1,0.448359,0.41043,1.0,0.0,0.41043
2020-08-26,2,0.27319899999999997,-0.05136500000000001,0.792632,0.3595666266604842,-0.111211567062647
2020-08-27,1,0.033261,0.006439,0.301221,0.0,0.006439
2020-08-29,1,0.345336,0.332786,0.920305,0.0,0.332786
2020-09-01,1,0.349934,0.421361,0.955627,0.0,0.421361
2020-09-03,1,0.084245,-0.367858,0.992814,0.0,-0.367858
2020-09-06,2,0.32683450000000003,0.261452,0.623175,0.05700412027213471,0.26128130507160907
2020-09-09,1,0.411304,0.41817,1.0,0.0,0.41817
2020-09-14,1,0.319432,0.481751,1.0,0.0,0.481751
2020-09-15,3,0.32418766666666665,0.26880166666666666,0.748872,0.16142418711684234,0.2993889679197513
2020-09-16,1,0.266441,0.325223,0.925439,0.0,0.325223
2020-09-17,1,0.282354,0.32207,0.609068,0.0,0.32207
2020-09-22,2,0.1993945,0.1743665,0.6274965,0.10190610798426168,0.175643062204331
2020-09-23,2,0.3558175,0.331471,0.806719,0.12512678757164672,0.35266935570750163
2020-09-30,2,0.48773900000000003,0.46040000000000003,0.8024275000000001,0.07375406570488163,0.4475592124896019
2020-10-01,1,0.407685,0.318809,0.847016,0.0,0.318809
2020-10-08,3,0.30789833333333333,0.281261,0.648634,0.05723367180253246,0.28426252502849575
2020-10-09,1,0.420809,0.414229,1.0,0.0,0.414229
2020-10-13,1,0.400827,0.426959,1.0,0.0,0.426959
2020-10-20,6,0.299795,0.31076316666666665,0.775802,0.22272931521056377,0.3935212547157651
2020-10-21,1,0.491609,0.485538,1.0,0.0,0.485538
2020-10-22,1,0.405114,0.419367,1.0,0.0,0.419367
2020-10-23,1,0.22478,0.133693,0.64722,0.0,0.133693
2020-10-26,2,0.389792,0.474001,0.9293115000000001,0.019380382658760888,0.475043400964585
2020-10-27,1,0.196618,0.146892,0.603533,0.0,0.146892
2020-10-28,2,0.218441,0.181323,0.436388,0.22843791673012606,0.22383054406628966
2020-10-30,1,0.247359,0.214806,0.553972,0.0,0.214806
2020-11-05,2,0.3780195,0.331085,0.7668955,0.005574829862874742,0.33034980420474497
2020-11-09,1,0.439334,0.435201,1.0,0.0,0.435201
2020-11-10,2,0.2069005,0.2272385,0.661798,0.28130475522553827,0.32888976719180174
2020-11-11,1,0.279762,0.122242,0.625348,0.0,0.122242
2020-11-12,2,0.3305355,0.252678,0.802231,0.20874075023339358,0.2890653995619715
2020-11-17,1,0.410463,0.405825,1.0,0.0,0.405825
2020-11-18,1,0.087204,0.08723,1.0,0.0,0.08723
2020-11-20,2,0.349424,0.2659205,0.677949,0.34644908876269254,0.3115777260273266
2020-11-22,1,0.167627,0.109878,0.609095,0.0,0.10987799999999999
2020-11-24,1,0.213103,0.108142,0.561212,0.0,0.108142
2020-11-25,1,0.008663,0.028171,0.308131,0.0,0.028171
2020-11-26,1,0.149606,0.123312,0.636147,0.0,0.123312
2020-12-01,1,0.033947,0.034372,0.325844,0.0,0.034372
2020-12-02,2,0.3175175,0.2710595,0.6889495,0.05245105970807452,0.2747245053802927
2020-12-04,1,0.272338,0.234658,0.566553,0.0,0.234658
2020-12-07,3,0.3339533333333333,0.4099413333333333,0.9686646666666666,0.05716965202214662,0.4119192590253112
2020-12-08,2,0.28869300000000003,0.39331249999999995,0.952169,0.08318616305912903,0.396267323320755
2020-12-09,1,-0.186651,-0.445195,1.0,0.0,-0.445195
2020-12-10,1,0.33535,0.308319,0.933126,0.0,0.308319
2020-12-16,1,0.362694,0.433484,1.0,0.0,0.433484
2020-12-17,1,0.157846,0.101856,0.632494,0.0,0.10185599999999999
2020-12-19,1,0.231587,0.305787,1.0,0.0,0.305787
2020-12-21,1,0.361555,0.435846,1.0,0.0,0.435846
2020-12-29,1,-0.219184,-0.226356,1.0,0.0,-0.226356
2020-12-30,1,0.445879,0.440139,0.60421,0.0,0.440139
2020-12-31,2,-0.188672,-0.18417099999999997,1.0,0.13591865126611577,-0.18417099999999997
2021-01-01,1,-0.277467,-0.431413,1.0,0.0,-0.431413
2021-01-05,1,0.143208,0.125076,1.0,0.0,0.125076
2021-01-07,1,0.247887,0.136409,0.602427,0.0,0.136409
2021-01-12,3,0.04151533333333333,0.037932,1.0,0.3914123565844594,0.037932
2021-01-13,1,-0.346708,-0.335945,0.933782,0.0,-0.335945
2021-01-14,2,0.099843,0.315893,0.984784,0.025823539648932713,0.31617513715901147
2021-01-16,1,0.367515,0.349687,0.602019,0.0,0.349687
2021-01-19,2,0.144044,0.164583,0.8043715,0.3983005219203209,0.23307996485827756
2021-01-21,1,0.402674,0.403046,1.0,0.0,0.403046
2021-01-25,4,0.0186655,0.04539975,0.65032325,0.24792567298470056,0.03888142086877564
2021-01-26,2,0.339301,0.280003,0.8166694999999999,0.21501561580964298,0.31413355818724714
2021-01-27,3,0.361782,0.3803023333333333,0.7490513333333334,0.09029141246172488,0.39779816624361297
2021-01-28,1,0.174196,0.138069,0.642551,0.0,0.138069
2021-02-01,1,0.261774,0.278917,0.991882,0.0,0.278917
2021-02-03,1,0.142777,0.103332,0.926656,0.0,0.103332
2021-02-05,1,0.139231,0.145626,1.0,0.0,0.145626
2021-02-08,1,0.326587,0.332545,0.859676,0.0,0.332545
2021-02-09,3,0.5415983333333333,0.5634423333333333,0.9947466666666666,0.16127899557082231,0.5624715675950996
2021-02-11,2,0.141347,0.2380235,0.6612534999999999,0.30518940808045747,0.34857414785252555
2021-02-17,1,0.417787,0.436681,1.0,0.0,0.436681
2021-02-18,1,-0.084762,-0.103481,0.975543,0.0,-0.103481
2021-02-19,1,0.436401,0.435723,1.0,0.0,0.435723
2021-02-23,1,-0.133952,-0.104264,0.633925,0.0,-0.10426399999999998
2021-02-25,2,0.366888,0.3846085,0.8681985,0.07466694055939348,0.39262370585010226
2021-03-01,1,0.194793,0.480436,1.0,0.0,0.480436
2021-03-02,1,0.864604,0.852749,1.0,0.0,0.852749
2021-03-03,1,0.37085,0.470693,1.0,0.0,0.470693
2021-03-08,2,-0.191616,0.019415500000000002,0.800976,0.4215721131959514,-0.044505971251947635
2021-03-09,1,0.467655,0.487959,1.0,0.0,0.487959
2021-03-11,2,0.3252395,0.3270875,0.62725,0.00818193256510954,0.3269599007859705
2021-03-12,1,0.285573,0.239941,0.647747,0.0,0.239941
2021-03-15,2,0.3266295,0.338029,0.906722,0.09059452080562046,0.3446191000306598
2021-03-16,1,0.278464,0.127351,0.617037,0.0,0.127351
2021-03-19,1,0.317386,0.26467,0.746585,0.0,0.26467
2021-03-22,2,0.523033,0.525761,1.0,0.13115699420160562,0.525761
2021-03-24,2,0.22782449999999999,0.280654,0.997664,0.20168806719783897,0.2809879286974372
2021-03-25,1,0.180177,0.309588,0.959278,0.0,0.309588
2021-03-26,4,0.46865175000000003,0.47141124999999995,0.90329975,0.20929007289943302,0.4968737560372401
2021-03-29,3,0.30540300000000004,0.277982,0.7799,0.18198540685175832,0.30797212552891395
2021-03-30,1,0.320549,0.333756,0.611648,0.0,0.333756
2021-04-09,1,-0.136665,-0.14403,0.86344,0.0,-0.14403
2021-04-12,3,0.29115166666666664,0.26422666666666667,0.7579916666666667,0.22527319674638022,0.30570367594982356
2021-04-13,2,-0.01152800000000001,-0.0017069999999999863,1.0,0.616273258288886,-0.0017069999999999863
2021-04-15,1,0.3573,0.430252,1.0,0.0,0.430252
2021-04-16,1,-0.133256,-0.123861,0.966728,0.0,-0.123861
2021-04-17,4,-0.03160474999999999,-0.04053725,0.8345535,0.271729816554821,-0.05466566366925549
2021-04-18,4,0.20679775,0.20678649999999998,1.0,0.1492555108496835,0.20678649999999998
2021-04-19,4,0.1966015,0.19210175000000002,0.990888,0.11747901967975671,0.1932067784451926
2021-04-20,2,0.15201399999999998,0.172497,1.0,0.04880592425105789,0.172497
2021-04-21,2,0.086877,0.062461,0.674216,0.08143748798925468,0.09028631360869513
2021-04-22,1,0.421892,0.445514,1.0,0.0,0.445514
2021-04-26,1,0.382633,0.346197,0.71502,0.0,0.346197
2021-04-27,2,0.32134850000000004,0.4413195,0.8471185,0.03637993678526672,0.44492839756421326
2021-04-28,1,0.480118,0.48339,0.98392,0.0,0.48339
2021-05-03,1,0.227156,0.279146,0.925307,0.0,0.279146
2021-05-05,2,0.19293300000000002,0.2233165,0.6604645,0.27182811014407615,0.32212972578011384
2021-05-07,1,0.422334,0.423631,1.0,0.0,0.423631
2021-05-08,1,0.311759,0.312127,0.947288,0.0,0.312127
2021-05-13,2,0.34711400000000003,0.3170595,0.802122,0.24325251090276542,0.35949207799811
2021-05-17,1,0.336838,0.315997,0.60727,0.0,0.315997
2021-05-20,1,0.168992,0.201279,0.612282,0.0,0.201279
2021-05-26,1,0.431137,0.449216,0.900057,0.0,0.449216
2021-05-27,1,0.169376,0.117816,0.638211,0.0,0.11781600000000002
2021-05-28,1,0.350959,0.622456,1.0,0.0,0.622456
2021-06-07,1,0.42323,0.437216,1.0,0.0,0.437216
2021-06-08,2,0.1580785,0.463505,1.0,0.02554918221783237,0.463505
2021-06-10,1,0.183194,0.13675,0.631515,0.0,0.13675
2021-06-15,1,0.332757,0.446094,1.0,0.0,0.446094
2021-06-22,1,0.443816,0.41318,1.0,0.0,0.41318
2021-06-23,1,0.784934,0.78836,0.986079,0.0,0.78836
2021-06-24,2,0.2389155,0.10179800000000003,0.8690785,0.6013702757685984,0.1658568188633133
2021-06-28,1,0.112223,0.111974,1.0,0.0,0.111974
2021-06-29,1,0.228826,0.194994,0.630022,0.0,0.194994
2021-07-02,1,0.550619,0.722042,0.710495,0.0,0.722042
2021-07-05,1,0.356799,0.439949,1.0,0.0,0.439949
2021-07-06,1,0.302217,0.41957,1.0,0.0,0.41957
2021-07-08,1,0.247823,0.234176,0.613325,0.0,0.234176
2021-07-09,1,0.005112,0.036893,0.316606,0.0,0.036893
2021-07-13,5,0.342862,0.3763164,0.8594021999999999,0.06002556823387845,0.38601043951318725
2021-07-14,1,0.343732,0.225137,0.558767,0.0,0.225137
2021-07-15,1,0.43415,0.443035,1.0,0.0,0.443035
2021-07-16,1,0.288201,0.224751,0.640016,0.0,0.22475100000000003
2021-07-20,1,0.324174,0.305962,0.856203,0.0,0.305962
2021-07-23,1,0.409347,0.405272,1.0,0.0,0.405272
2021-07-26,1,0.1825,0.138445,0.642088,0.0,0.138445
2021-07-28,2,0.2823375,0.32760100000000003,0.972289,0.026684795708417947,0.3270632186829225
2021-08-02,1,0.354365,0.319088,0.706935,0.0,0.319088
2021-08-04,1,0.334628,0.249088,0.63962,0.0,0.249088
2021-08-05,1,0.488074,0.4519,1.0,0.0,0.4519
2021-08-12,1,0.363633,0.443468,1.0,0.0,0.443468
2021-08-14,1,0.245298,0.263959,0.93545,0.0,0.263959
2021-08-16,1,0.424515,0.410914,1.0,0.0,0.410914
2021-08-18,1,-0.221767,-0.306711,0.710099,0.0,-0.306711
2021-08-19,9,0.34343033333333334,0.39394077777777775,0.922015111111111,0.13753401095163495,0.4220424405707499
2021-08-20,2,0.2207225,0.2241805,0.6694789999999999,0.31598268598848894,0.3344893578633535
2021-08-23,2,0.5678135,0.562683,0.9684665,0.1957427133816224,0.5581763048603127
2021-08-24,1,0.322877,0.3057,0.916581,0.0,0.3057
2021-08-28,1,0.340369,0.33621,0.640679,0.0,0.33621
2021-08-31,1,0.358278,0.431062,1.0,0.0,0.431062
2021-09-01,1,0.328486,0.329485,0.57809,0.0,0.329485
2021-09-02,1,0.46209,0.823688,1.0,0.0,0.823688
2021-09-08,2,0.180955,0.10362500000000001,0.8503495,0.4359355732421937,0.15787353613308414
2021-09-10,1,0.140555,0.30569,0.906325,0.0,0.30569
2021-09-11,1,0.288617,0.444232,1.0,0.0,0.444232
2021-09-14,1,0.255346,0.3305,0.993977,0.0,0.3305
2021-09-16,1,0.461388,0.312632,0.617107,0.0,0.312632
2021-09-17,2,0.413215,0.427388,1.0,0.011525840533340711,0.427388
2021-09-22,1,0.226268,0.337829,0.737441,0.0,0.337829
2021-09-23,5,0.39982700000000004,0.4004656000000001,0.8808448,0.08108130100275897,0.4105867918702591
2021-09-24,2,0.3682085,0.38182099999999997,0.9721095,0.09067230255155098,0.38366050409650354
2021-09-29,1,0.822469,0.827766,1.0,0.0,0.827766
2021-09-30,1,0.359799,0.305007,0.60441,0.0,0.305007
2021-10-01,2,0.16739900000000002,0.443372,1.0,0.008920859151449476,0.443372
2021-10-05,1,0.407498,0.448347,0.731281,0.0,0.44834699999999994
2021-10-08,1,-0.449086,-0.419995,1.0,0.0,-0.419995
2021-10-14,2,0.4093945,0.31828199999999995,0.6063025,0.03798719049890368,0.3188369611233666
2021-10-18,1,0.442249,0.249639,0.614447,0.0,0.249639
2021-10-19,2,0.3902385,0.36387499999999995,0.951533,0.05314755988754331,0.3657892145642873
2021-10-20,1,0.40617,0.336504,0.71938,0.0,0.336504
2021-10-21,1,0.446163,0.416158,0.829175,0.0,0.41615800000000003
2021-10-26,1,0.265727,0.497968,1.0,0.0,0.497968
2021-10-27,1,0.446629,0.410508,1.0,0.0,0.410508
2021-10-28,1,0.437085,0.406665,1.0,0.0,0.406665
2021-10-29,1,0.001483,0.012745,0.302856,0.0,0.012745
2021-10-30,1,0.418037,0.440232,0.992459,0.0,0.440232
2021-11-01,3,0.16062933333333335,0.21593366666666666,0.6459746666666667,0.2013189597587205,0.2854768522052464
2021-11-02,1,0.331942,0.346805,0.903299,0.0,0.346805
2021-11-04,3,0.43935799999999997,0.348682,0.7853263333333333,0.060494405947988265,0.35775507929018047
2021-11-08,2,0.25699900000000003,0.2413605,1.0,0.3015195238860993,0.2413605
2021-11-09,1,0.25608,0.300686,0.984331,0.0,0.300686
2021-11-10,1,0.332945,0.335492,0.608299,0.0,0.335492
2021-11-11,1,0.194199,0.205129,1.0,0.0,0.205129
2021-11-12,1,0.209302,0.107373,0.624567,0.0,0.10737300000000001
2021-11-16,1,0.420491,0.411915,1.0,0.0,0.411915
2021-11-17,1,0.043777,0.015914,0.335376,0.0,0.015914
2021-11-18,2,0.376981,0.35396150000000004,0.820461,0.14847050373895818,0.37693494071869355
2021-11-24,1,0.241405,0.493756,1.0,0.0,0.493756
2021-11-30,3,0.28319999999999995,0.2649993333333333,0.5972106666666667,0.21752422991550466,0.32688387929775764
2021-12-01,1,0.276379,0.148906,0.647358,0.0,0.148906
2021-12-06,1,0.447569,0.430795,1.0,0.0,0.430795
2021-12-08,3,0.3596996666666667,0.42263199999999995,1.0,0.034506778073300326,0.42263199999999995
2021-12-13,1,0.314771,0.346722,0.708363,0.0,0.346722
2021-12-15,1,0.05729,-0.317113,0.958206,0.0,-0.317113
2021-12-16,2,0.37971049999999995,0.41672149999999997,0.9165004999999999,0.15783825437611756,0.4166368042341494
2021-12-26,1,0.022757,0.026261,0.347916,0.0,0.026261
2022-01-10,1,0.215735,0.288133,0.628486,0.0,0.288133
2022-01-12,1,0.345964,0.257723,0.57387,0.0,0.257723
2022-01-14,1,0.004888,0.004974,0.344326,0.0,0.004974
2022-01-19,2,0.1252095,0.115924,0.6072395,0.007434520697395358,0.11615587904689996
2022-01-20,1,0.041407,0.044936,0.306785,0.0,0.044936
2022-01-27,2,0.0153955,-0.23845500000000003,0.7772625,0.23050408274475315,-0.2851627825863206
2022-01-31,1,-0.131081,-0.139533,1.0,0.0,-0.139533
2022-02-01,1,0.177422,0.422442,1.0,0.0,0.422442
2022-02-03,1,-0.318752,-0.225345,0.605425,0.0,-0.22534499999999996
2022-02-09,2,0.445426,0.42895249999999996,0.972144,0.02535331363944366,0.4294661980118172
2022-02-14,1,-0.30576,-0.314702,1.0,0.0,-0.314702
2022-02-16,1,0.365986,0.342339,0.620835,0.0,0.342339
2022-02-17,1,0.278677,0.240783,0.637348,0.0,0.240783
2022-02-22,2,0.241534,0.229837,1.0,0.3032385004711638,0.229837
2022-02-28,1,0.507557,0.844371,1.0,0.0,0.844371
2022-03-04,1,0.33724,0.437453,0.91778,0.0,0.437453
2022-03-08,3,0.36019400000000007,0.4199603333333333,0.9164629999999999,0.08867388218259836,0.42879923593896685
2022-03-10,2,0.329525,0.372154,0.810971,0.3704348578873214,0.43184676440711195
2022-03-11,2,-0.307367,-0.42981400000000003,0.6680435,0.007850299484733071,-0.42926066864283535
2022-03-15,2,0.356267,0.44578450000000003,0.9877184999999999,0.013683223322740827,0.44566419279379704
2022-03-16,1,0.41862,0.425384,0.80316,0.0,0.425384
2022-03-17,1,0.306398,0.343795,0.980708,0.0,0.343795
2022-03-22,1,0.217361,0.112814,0.733646,0.0,0.11281399999999998
2022-04-04,1,0.297802,0.200784,0.714129,0.0,0.20078400000000002
2022-04-07,1,-0.438403,-0.448156,1.0,0.0,-0.448156
2022-04-11,1,0.564665,0.501372,0.615907,0.0,0.501372
2022-04-12,2,0.218631,0.23737950000000002,0.6707995,0.3121331966717094,0.34569552610877025
2022-04-18,1,0.286977,0.466212,1.0,0.0,0.466212
2022-04-20,1,0.262779,0.348401,0.919834,0.0,0.348401
2022-04-27,1,0.428187,0.344623,0.605066,0.0,0.344623
2022-05-02,1,-0.046464,-0.106585,0.649232,0.0,-0.106585
2022-05-03,1,0.420586,0.314173,0.744237,0.0,0.314173
2022-05-06,1,-0.354565,-0.624107,1.0,0.0,-0.624107
2022-05-10,2,0.1667435,0.07742650000000001,0.459272,0.09814571412191161,0.09749570777447789
2022-05-11,1,0.001102,0.029474,0.349143,0.0,0.029474
2022-05-12,1,0.329544,0.304937,0.93375,0.0,0.304937
2022-05-13,1,0.22489,0.441142,0.610302,0.0,0.441142
2022-05-16,2,-0.08936799999999999,-0.1012465,0.818274,0.32960721944839133,-0.1504907301020196
2022-05-18,1,-0.226552,-0.247493,0.641195,0.0,-0.247493
2022-05-20,1,0.455961,0.307302,0.637873,0.0,0.307302
2022-05-21,1,0.275453,0.28377,0.674981,0.0,0.28377
2022-05-23,1,0.319869,0.349311,1.0,0.0,0.349311
2022-05-24,2,-0.04638250000000001,-0.091735,0.653065,0.19382786821816927,-0.08185906375169394
2022-05-25,1,0.411471,0.347122,0.709704,0.0,0.347122
2022-06-01,2,0.3984465,0.35386700000000004,0.8118565,0.07353061996202674,0.3659163377080802
2022-06-07,2,0.3649135,0.4229865,0.994433,0.03426003065526943,0.42312211834583124
2022-06-08,2,0.4803285,0.4829485,1.0,0.006490533144511354,0.4829485
2022-06-14,3,0.32558266666666663,0.3881736666666667,1.0,0.13983785874123406,0.3881736666666667
2022-06-16,2,0.237365,0.430064,1.0,0.011177943996996976,0.430064
2022-06-21,1,0.401645,0.435652,1.0,0.0,0.435652
2022-06-22,1,-0.158108,-0.303819,0.974252,0.0,-0.303819
2022-06-23,1,0.050248,0.028699,0.626386,0.0,0.028699
2022-06-24,1,0.005557,0.019394,0.335713,0.0,0.019394
2022-06-30,3,0.24375533333333332,0.24416366666666667,0.8811256666666667,0.1513962763258507,0.24692108591585685
2022-07-01,1,0.312539,0.340357,0.904088,0.0,0.340357
2022-07-04,1,0.396881,0.319174,0.617063,0.0,0.319174
2022-07-05,1,0.310823,0.305043,0.935335,0.0,0.305043
2022-07-06,1,-0.168263,-0.215453,1.0,0.0,-0.215453
2022-07-12,1,0.200089,0.209387,0.826955,0.0,0.209387
2022-07-13,2,0.1139385,0.14666099999999999,0.6734994999999999,0.19770281337907156,0.21414335562387202
2022-07-19,1,-0.078412,0.134537,0.719097,0.0,0.134537
2022-07-20,2,0.0915985,0.123833,0.6327465,0.023398163389462864,0.12406102286934816
2022-07-21,1,0.630439,0.515443,0.616619,0.0,0.515443
2022-07-22,1,0.00375,0.038929,0.313041,0.0,0.038929
2022-07-25,1,0.388896,0.427797,1.0,0.0,0.427797
2022-07-26,1,0.22769,0.20519,0.771374,0.0,0.20518999999999998
2022-07-28,1,0.298333,0.431612,1.0,0.0,0.431612
2022-08-04,1,0.306715,0.312275,0.637218,0.0,0.312275
2022-08-09,1,-0.144175,-0.240951,0.712119,0.0,-0.24095100000000003
2022-08-12,2,0.5147675,0.4336975,0.7350575,0.16498993236103837,0.4601076300942443
2022-08-23,2,0.37611649999999996,0.38379,0.8053405,0.06904614875574162,0.3882480195786751
2022-08-24,1,0.405463,0.410487,1.0,0.0,0.410487
2022-09-01,2,0.1855645,0.13047799999999998,0.730279,0.0059778807281510755,0.13111968550239017
2022-09-13,1,0.410662,0.321283,0.621233,0.0,0.321283
2022-09-15,4,-0.180149,-0.18322525,0.8347385,0.4937700323641733,-0.2223075347189569
2022-09-16,3,0.070229,0.025538000000000005,0.9925756666666666,0.2709965960007616,0.025188076892206715
2022-09-17,1,0.178157,0.443171,1.0,0.0,0.443171
2022-09-19,1,0.167227,0.126537,0.562418,0.0,0.126537
2022-09-20,1,0.081804,0.316724,0.914305,0.0,0.316724
2022-09-27,1,-0.085628,0.111307,0.609615,0.0,0.11130699999999999
2022-09-28,2,0.21005800000000002,0.25976299999999997,0.7838590000000001,0.07850440906089291,0.2501437768476218
2022-09-29,2,0.125874,0.225372,0.8527055,0.3038480265165466,0.2624852415687479
2022-10-05,1,0.7276,0.735021,0.963155,0.0,0.735021
2022-10-11,2,0.149179,0.2148085,0.8033945,0.095455879926278,0.2307114785911529
2022-10-17,1,0.323379,0.467972,1.0,0.0,0.467972
2022-10-18,8,0.356040625,0.3136825,0.932778625,0.21963771237393895,0.336881816811572
2022-10-19,4,0.317666,0.35982725000000004,0.9052155,0.14963557212413317,0.38330195405293
2022-10-20,1,0.245315,0.264961,0.60327,0.0,0.264961
2022-10-25,1,0.634234,0.606034,1.0,0.0,0.606034
2022-10-27,1,0.352183,0.278258,0.557018,0.0,0.278258
2022-11-03,1,0.28085,0.10139,0.638778,0.0,0.10139
2022-11-08,2,0.24483149999999998,0.275305,0.8123885,0.07537334023379884,0.2629966892404312
2022-11-15,1,0.136519,0.135379,0.610406,0.0,0.135379
2022-11-16,1,0.474862,0.494131,1.0,0.0,0.494131
2022-11-17,1,0.160744,0.237325,1.0,0.0,0.237325
2022-11-23,1,0.214328,0.307447,0.640991,0.0,0.307447
2022-11-25,2,0.202668,0.188729,0.619151,0.21001919929377885,0.25670585371419896
2022-11-26,1,0.421045,0.442957,1.0,0.0,0.442957
2022-11-29,1,0.801892,0.80086,1.0,0.0,0.80086
2022-12-02,1,0.349224,0.334618,0.916052,0.0,0.334618
2022-12-05,1,-0.384063,-0.111111,0.644691,0.0,-0.11111099999999999
2022-12-06,2,-0.142183,-0.2443605,1.0,0.008009398510500046,-0.2443605
2022-12-07,3,0.354103,0.409132,0.8623536666666666,0.0589995888206011,0.4191748660016134
2022-12-09,1,0.13901,0.147385,0.616962,0.0,0.147385
2022-12-12,3,0.4658373333333334,0.46959366666666663,0.7123303333333334,0.25916314696409537,0.4962704104495526
2022-12-13,2,0.35404199999999997,0.45220649999999996,1.0,0.06420176019783257,0.45220649999999996
2022-12-14,3,0.243761,0.282638,0.7756949999999999,0.04034177244494842,0.2849190037751092
2022-12-15,3,0.325915,0.279795,0.8173940000000001,0.11484943118709819,0.2953317441486807
2022-12-16,1,0.20572,0.438777,1.0,0.0,0.438777
2022-12-20,1,0.225294,0.14609,0.634888,0.0,0.14609
2022-12-27,1,0.166701,0.337378,0.604892,0.0,0.337378
2022-12-29,1,0.195799,0.232129,0.634821,0.0,0.23212899999999997
2023-01-03,1,0.475155,0.312476,0.614067,0.0,0.312476
2023-01-05,1,-0.630661,-0.611744,1.0,0.0,-0.611744
2023-01-12,2,0.164296,0.1502285,0.631823,0.16234252457227588,0.20969801665260682
2023-01-17,1,0.351627,0.256005,0.705628,0.0,0.256005
2023-01-23,1,0.400772,0.412666,1.0,0.0,0.412666
2023-01-26,2,0.24865749999999998,0.212282,0.8197675,0.006750041333206782,0.21333138256578846
2023-01-27,1,0.469254,0.454925,1.0,0.0,0.454925
2023-01-31,2,0.1865155,0.1342275,0.817816,0.39158512881939217,0.19591054755592946
2023-02-01,1,-0.147877,-0.104589,1.0,0.0,-0.104589
2023-02-06,1,0.172122,0.323744,0.702217,0.0,0.323744
2023-02-07,1,0.335867,0.127639,0.328415,0.0,0.127639
2023-02-13,1,0.306947,0.309597,0.923076,0.0,0.309597
2023-02-14,1,0.190537,0.148916,0.624097,0.0,0.148916
2023-02-16,1,0.326408,0.343848,1.0,0.0,0.343848
2023-02-17,1,0.316336,0.328036,0.918721,0.0,0.328036
2023-02-21,3,0.3405736666666666,0.289776,0.7545036666666666,0.13013778055968223,0.3094695830534952
2023-02-22,3,0.20489866666666667,0.15110466666666666,0.8542716666666667,0.29509038353923583,0.19336439388484927
2023-02-23,4,0.21075875,0.21049875,0.97268575,0.4168967834707411,0.20565989836157259
2023-02-24,1,0.077807,0.149002,0.604695,0.0,0.149002
2023-02-27,1,0.310045,0.231711,0.632637,0.0,0.231711
2023-02-28,1,-0.164567,-0.112929,0.616556,0.0,-0.11292900000000002
2023-03-02,1,0.324456,0.323793,0.62281,0.0,0.323793
2023-03-06,1,0.418832,0.406311,0.788339,0.0,0.406311
2023-03-07,1,0.437544,0.402095,1.0,0.0,0.402095
2023-03-08,2,0.4024155,0.404456,1.0,0.021472004517510704,0.404456
2023-03-09,1,0.28877,0.237457,0.556823,0.0,0.237457
2023-03-10,2,0.31972500000000004,0.262783,0.804322,0.22520219609941639,0.30152389739681373
2023-03-13,1,-0.176173,-0.239895,0.643153,0.0,-0.239895
2023-03-14,2,0.185915,0.174502,1.0,0.3208666725261444,0.174502
2023-03-20,1,0.336942,0.329907,1.0,0.0,0.329907
2023-03-22,2,0.227321,0.265882,0.9612795000000001,0.06907160459986432,0.2639146763022617
2023-04-19,2,0.0719995,0.0844695,0.9915705,0.48734294334123685,0.08153997032636612
2023-04-21,3,0.17127366666666666,0.16085733333333332,0.6130756666666667,0.14475779791200657,0.20787880579069362
2023-04-27,1,0.435457,0.43068,1.0,0.0,0.43068
2023-05-02,1,0.160019,0.120749,0.586608,0.0,0.120749
2023-05-06,1,0.267003,0.24092,0.725566,0.0,0.24091999999999997
2023-05-09,1,0.247445,0.297725,0.69547,0.0,0.297725
2023-05-15,1,0.400587,0.430774,1.0,0.0,0.430774
2023-05-18,1,0.367158,0.339975,0.6355,0.0,0.339975
2023-05-23,5,0.4446128,0.4565908,1.0,0.0356657261835505,0.4565908
2023-05-30,1,0.2857,0.343742,0.745576,0.0,0.34374199999999994
2023-06-15,1,0.207178,0.179238,0.567199,0.0,0.179238
2023-06-21,2,0.4042635,0.356453,0.918677,0.0704080364163069,0.3555741496946152
2023-06-23,1,0.267178,0.250478,1.0,0.0,0.250478
2023-06-29,1,0.303238,0.19288,0.637368,0.0,0.19288
2023-07-11,1,0.427745,0.421316,1.0,0.0,0.421316
2023-07-12,2,0.080849,0.006429000000000004,0.8239475,0.16608099812440916,0.03152171214792205
2023-07-13,2,0.346259,0.3157915,0.633725,0.0026481148955436193,0.31579408836246003
2023-07-26,1,0.219217,0.271392,0.983807,0.0,0.2713920000000001
2023-07-27,1,0.814865,0.849433,1.0,0.0,0.849433
2023-08-01,1,0.322167,0.326268,0.711803,0.0,0.326268
2023-08-07,1,-0.11106,-0.428729,1.0,0.0,-0.428729
2023-08-09,1,0.198436,0.306847,0.872978,0.0,0.306847
2023-08-16,1,0.445007,0.415964,1.0,0.0,0.415964
2023-08-17,1,0.251393,0.218512,0.573956,0.0,0.218512
2023-08-21,1,0.259779,0.255238,1.0,0.0,0.255238
2023-08-23,2,0.3722355,0.3294485,0.8046685,0.30428572561410105,0.2772182786495308
2023-08-24,2,0.185651,0.108013,0.8129875,0.0032017795052126903,0.1085337906640631
2023-08-29,1,0.31202,0.219376,0.638932,0.0,0.21937600000000002
2023-09-12,2,0.404293,0.40768499999999996,1.0,0.00707955309323967,0.40768499999999996
2023-09-14,2,0.188525,0.2074965,1.0,0.3855054247147503,0.2074965
2023-09-15,1,0.325966,0.324728,0.599052,0.0,0.324728
2023-09-19,2,0.45993300000000004,0.47992500000000005,1.0,0.007377952154900416,0.47992500000000005
2023-09-20,1,0.256492,0.268699,1.0,0.0,0.268699
2023-09-26,1,0.34677,0.309237,0.701945,0.0,0.309237
2023-09-28,2,-0.10803300000000002,-0.183724,0.6603635,0.2649302834936014,-0.28007315329360266
2023-10-04,1,0.116529,0.147206,0.934424,0.0,0.147206
2023-10-05,1,0.549999,0.530214,1.0,0.0,0.530214
2023-10-09,1,0.378948,0.300283,0.878254,0.0,0.300283
2023-10-13,3,0.2883856666666667,0.2944426666666667,0.9232840000000001,0.029890642956171658,0.292547347856853
2023-10-20,2,-0.02852099999999999,-0.06443350000000002,0.803701,0.2980292448141625,-0.11590507563758166
2023-10-26,1,0.152034,0.328728,0.931791,0.0,0.328728
2023-10-27,2,0.257525,0.2525545,0.679148,0.1224829153167902,0.2588029808657318
2023-11-01,1,0.228782,0.244023,0.551154,0.0,0.244023
2023-11-02,2,0.30149099999999995,0.220012,0.6090884999999999,0.11202975577050948,0.2160923687189957
2023-11-06,2,0.2635375,0.245749,0.65572,0.036005877298018976,0.2490435563045202
2023-11-09,1,0.200356,-0.273661,0.554285,0.0,-0.273661
2023-11-10,1,0.248472,0.247775,0.628763,0.0,0.24777499999999997
2023-11-22,1,0.327893,0.270794,0.573688,0.0,0.270794
2023-11-25,2,0.2771835,0.366688,0.802107,0.14503750031629753,0.391990500041765
2023-11-27,1,0.356415,0.306644,0.680634,0.0,0.306644
2023-11-28,1,0.011138,0.039592,0.315889,0.0,0.039592
2023-11-30,3,0.20035833333333333,0.19683199999999998,0.531959,0.13623293664896166,0.23336436466469535
2023-12-01,2,0.35655349999999997,0.3123685,0.6242855,0.13212360917148758,0.31175590002090386
2023-12-04,2,-0.06222549999999999,-0.037200999999999984,0.810754,0.5079049014313605,-0.12103207104991157
2023-12-07,1,0.443061,0.438699,1.0,0.0,0.438699
2023-12-12,2,0.2796155,0.2965875,0.8017965,0.21046538367270756,0.33337606439913364
2023-12-14,1,0.126608,-0.238109,0.93303,0.0,-0.238109
2023-12-20,2,0.321961,0.28795,0.8202659999999999,0.05475976334864859,0.2794655812699783
2023-12-22,1,0.363441,0.35862,0.621166,0.0,0.35862
2023-12-31,4,0.3345845,0.25943925,0.5849519999999999,0.09336952484751114,0.25853592414634025
2024-01-02,1,0.20446,0.034014,0.611386,0.0,0.034014
2024-01-05,1,-0.114592,-0.127268,0.614129,0.0,-0.127268
2024-01-09,1,0.447693,0.436872,1.0,0.0,0.436872
2024-01-16,1,0.46459,0.489777,1.0,0.0,0.489777
2024-01-30,3,0.078417,0.04902466666666666,0.7511803333333334,0.29342619772156225,-0.00314170669981154
2024-02-07,2,0.1941615,0.195179,0.866152,0.41594000768380046,0.24062895644182544
2024-02-08,3,0.193488,0.195781,0.6574993333333333,0.2114215317227647,0.26615975952016174
2024-02-13,2,0.439847,0.4339415,1.0,0.04167758078991629,0.4339415
2024-02-16,1,0.237917,0.215766,0.716521,0.0,0.21576600000000004
2024-02-20,6,0.4529431666666666,0.5089581666666666,0.9923653333333333,0.15731923793410224,0.5088275902920161
2024-02-21,1,0.329282,0.248702,0.590244,0.0,0.24870200000000003
2024-02-23,2,0.2909775,0.263867,0.62144,0.08243168012360298,0.26527148717816684
2024-02-26,1,-0.100478,-0.127067,0.950176,0.0,-0.127067
2024-02-27,1,0.265431,0.249414,0.604892,0.0,0.24941399999999997
2024-02-28,1,0.210235,0.343749,0.706738,0.0,0.343749
2024-02-29,1,0.281538,0.262324,0.603121,0.0,0.262324
2024-03-01,1,0.473832,0.431863,0.937401,0.0,0.431863
2024-03-05,1,0.010708,0.048562,0.627883,0.0,0.048562
2024-03-06,2,0.397381,0.3820365,0.8762490000000001,0.06997316574587716,0.3781978674783081
2024-03-08,1,0.516182,0.347168,0.605561,0.0,0.347168
2024-03-11,1,0.359864,0.302903,0.613264,0.0,0.302903
2024-03-12,1,0.230934,0.021548,0.638664,0.0,0.021548
2024-03-14,1,0.349637,0.343802,0.608077,0.0,0.343802
2024-03-15,2,0.06896150000000001,0.0709355,0.674051,0.09295555034800235,0.10272013468713792
2024-03-18,1,0.447618,0.401234,1.0,0.0,0.401234
2024-03-19,1,0.421408,0.447291,1.0,0.0,0.447291
2024-03-21,1,-0.052359,-0.141274,0.636145,0.0,-0.141274
2024-03-25,1,0.472896,0.498836,1.0,0.0,0.498836
2024-03-26,2,0.12997950000000003,0.13117499999999999,1.0,0.4985527071433872,0.13117499999999999
2024-03-27,1,-0.130744,-0.149867,1.0,0.0,-0.149867
2024-03-28,1,0.395203,0.486761,1.0,0.0,0.486761
2024-04-01,1,0.449476,0.416588,1.0,0.0,0.416588
2024-04-04,1,0.194263,0.189316,0.929679,0.0,0.18931599999999998
2024-04-06,1,-0.217677,-0.22968,1.0,0.0,-0.22968
2024-04-09,2,0.2219205,0.0619875,0.822639,0.5198147009468854,0.14123442031924088
2024-04-10,3,0.37729199999999996,0.3722916666666667,0.8781893333333333,0.4313963768882782,0.40519407703426147
2024-04-15,4,0.37360625000000003,0.400284,0.98534575,0.07879914126012626,0.40135534800880807
2024-04-16,1,0.164683,0.275925,1.0,0.0,0.275925
2024-04-17,1,0.14788,0.207038,0.612927,0.0,0.207038
2024-04-23,6,0.3396405,0.3491433333333333,0.8743671666666667,0.17954995836665255,0.38053164323530747
2024-05-01,1,0.463078,0.476712,1.0,0.0,0.476712
2024-05-08,3,0.151546,0.17886033333333332,0.787419,0.23020079709317545,0.21257962234634079
2024-05-16,2,0.1854375,0.18057800000000002,0.969287,0.40980656346378835,0.18975992547821233
2024-05-17,1,-0.027932,-0.12868,0.964714,0.0,-0.12868
2024-05-21,3,0.29414766666666664,0.29170566666666664,0.7721513333333334,0.22316346123936448,0.36773810773449417
2024-05-22,1,0.216445,0.210002,0.640161,0.0,0.210002
2024-05-29,2,0.4154395,0.337032,0.6213635,0.011822825381439044,0.33681481424641135
2024-05-31,1,0.330257,0.372925,0.877675,0.0,0.372925
2024-06-02,1,0.29535,0.307993,0.605704,0.0,0.307993
2024-06-03,1,-0.283442,-0.26999,1.0,0.0,-0.26999
2024-06-04,2,0.269279,0.2750095,0.6841915000000001,0.01532371105509367,0.27427288431016755
2024-06-06,2,-0.140228,-0.1865575,1.0,0.9143604858591058,-0.1865575
2024-06-10,1,-0.391219,-0.388514,1.0,0.0,-0.388514
2024-06-11,1,0.394998,0.322806,0.638123,0.0,0.322806
2024-06-12,1,0.094788,0.078085,1.0,0.0,0.078085
2024-06-13,2,0.07791,0.10101500000000001,0.9139405,0.3286745456040063,0.07913073480330503
2024-06-14,1,-0.41232,-0.435042,1.0,0.0,-0.435042
2024-06-17,5,-0.2532436,-0.276617,1.0,0.4397169725260784,-0.276617
2024-06-18,1,-0.645675,-0.735482,1.0,0.0,-0.735482
2024-06-19,3,0.11121966666666666,0.10892066666666667,0.7423000000000001,0.3649071384699583,0.03577961066145763
2024-06-24,1,0.281141,0.23299,0.638129,0.0,0.23299
2024-06-25,2,0.411942,0.384098,0.89446,0.05301603802624262,0.3885213207969054
2024-06-26,1,0.625962,0.691887,0.733386,0.0,0.691887
2024-06-28,2,-0.086059,-0.194297,1.0,0.2793877887417415,-0.194297
2024-07-01,1,-0.065085,0.108394,0.632651,0.0,0.108394
2024-07-02,1,-0.630094,-0.600221,1.0,0.0,-0.600221
2024-07-03,1,0.130084,0.127275,1.0,0.0,0.127275
2024-07-09,2,0.2042525,0.3168165,0.7886445,0.04429953273455599,0.31514901928245237
2024-07-10,1,-0.191712,-0.139564,0.638245,0.0,-0.139564
2024-07-23,1,0.40457,0.420569,1.0,0.0,0.420569
2024-07-25,1,0.537283,0.539627,1.0,0.0,0.539627
2024-07-26,1,0.162411,0.185512,0.61985,0.0,0.185512
2024-07-29,2,0.2054335,0.21134399999999998,0.6475645000000001,0.10039502079286598,0.2115963045735212
2024-08-01,1,0.55081,0.344453,0.615119,0.0,0.344453
2024-08-02,1,0.238272,0.330039,0.646656,0.0,0.330039
2024-08-06,1,0.269475,0.247225,0.62381,0.0,0.247225
2024-08-13,1,-0.605884,-0.601258,1.0,0.0,-0.601258
2024-08-20,1,0.349177,0.205598,0.593768,0.0,0.205598
2024-08-26,1,0.2098,0.105006,0.607374,0.0,0.10500599999999999
2024-08-28,1,0.447734,0.443274,1.0,0.0,0.443274
2024-08-29,2,0.26583650000000003,0.305735,0.660316,0.007332697320904491,0.30529415611616256
2024-08-30,1,0.320969,0.138711,0.62246,0.0,0.138711
2024-09-03,1,0.293673,0.225076,0.583394,0.0,0.22507600000000003
2024-09-04,1,0.391553,0.331718,0.62306,0.0,0.331718
2024-09-05,1,0.171694,0.126955,0.613182,0.0,0.126955
2024-09-12,5,0.22986839999999997,0.224249,0.7742266,0.2488844942006231,0.24926517533523132
2024-09-13,1,-0.282214,-0.256112,1.0,0.0,-0.256112
2024-09-20,2,0.5163325,0.574906,0.813071,0.20711723306378924,0.5412355090268869
2024-09-23,1,0.216303,0.121954,0.585759,0.0,0.12195400000000002
2024-09-24,2,0.21664150000000001,0.164028,0.5277365,0.21146169712739943,0.22625181562579053
2024-09-29,1,0.134236,0.117314,1.0,0.0,0.117314
2024-10-02,1,0.359258,0.32894,0.632884,0.0,0.32894
2024-10-03,1,0.371278,0.266578,0.579576,0.0,0.266578
2024-10-04,2,0.249991,0.19615300000000002,0.7325705,0.17590836816933983,0.17645750223016077
2024-10-08,1,0.42133,0.449225,1.0,0.0,0.449225
2024-10-09,1,0.120514,0.135836,0.309549,0.0,0.135836
2024-10-11,1,0.007726,0.040776,0.339088,0.0,0.040776
2024-10-14,4,0.42843525,0.4674765,1.0,0.030564828594317344,0.4674765
2024-10-15,1,0.039129,0.004688,0.324736,0.0,0.004688
2024-10-18,1,0.245453,0.306425,0.71665,0.0,0.306425
2024-10-20,1,0.335412,0.311634,0.629987,0.0,0.311634
2024-10-22,1,0.117594,0.10747,0.90379,0.0,0.10747
2024-10-24,2,0.38141499999999995,0.2589135,0.7763614999999999,0.20689732285484025,0.3010562094108222
2024-10-28,1,0.444246,0.31539,0.629833,0.0,0.31539
2024-11-01,1,0.29964,0.213279,0.615626,0.0,0.213279
2024-11-03,1,0.047136,0.017853,1.0,0.0,0.017853
2024-11-04,2,0.218447,0.19492500000000001,0.6215845,0.05724736500486288,0.1944022179808216
2024-11-07,1,0.389105,0.306436,0.643065,0.0,0.306436
2024-11-08,1,0.352122,0.281593,0.641773,0.0,0.281593
2024-11-12,2,0.1108685,0.0875535,0.4633835,0.07922777929804672,0.10578823989956483
2024-11-14,2,0.4712115,0.325031,0.8138335,0.13286677839851466,0.3465225321641343
2024-11-21,1,0.495192,0.462151,1.0,0.0,0.462151
2024-11-28,1,0.459155,0.463508,1.0,0.0,0.463508
2024-11-29,1,-0.368875,-0.344158,0.635796,0.0,-0.344158
2024-11-30,1,0.343426,0.343146,0.932852,0.0,0.34314600000000006
2024-12-02,1,0.0477,0.004174,0.344685,0.0,0.004174
2024-12-06,1,0.159006,0.2111,0.608509,0.0,0.21109999999999998
2024-12-07,1,0.364231,0.404868,1.0,0.0,0.404868
2024-12-10,2,0.274647,0.172426,0.788665,0.38292236364307586,0.24115518691206023
2024-12-11,2,-0.010072999999999999,-0.051660999999999985,0.81082,0.5168837433388673,-0.1369373579586098
2024-12-12,3,-0.11659333333333333,-0.25729133333333337,0.8674523333333334,0.3124263406922236,-0.31238198556962016
2024-12-17,2,-0.12691249999999998,-0.1365825,0.801427,0.38880619916932907,-0.2047024640859367
2024-12-18,1,0.394324,0.213186,0.563285,0.0,0.213186
2024-12-25,1,0.305573,0.212411,0.639015,0.0,0.212411
2024-12-27,1,0.292954,0.283641,1.0,0.0,0.283641
2024-12-30,3,0.07492199999999999,0.09200800000000002,0.655649,0.37303466882985553,0.10633935703198918
2024-12-31,6,0.33680183333333336,0.43392483333333337,0.9551896666666666,0.051299264838462,0.43790009677065883
2025-01-03,1,-0.137999,-0.199481,0.644697,0.0,-0.199481
2025-01-07,2,0.273508,0.2286925,0.6192070000000001,0.01842649561094024,0.22901446725731456
2025-01-09,2,0.174319,0.177228,0.8044100000000001,0.21747493319460984,0.13983731736303626
2025-01-21,1,0.430007,0.40908,1.0,0.0,0.40908
2025-01-22,2,0.458446,0.48731500000000005,0.874762,0.11249361781896787,0.47592669471239035
2025-01-23,1,0.169107,0.178351,0.582309,0.0,0.178351
2025-01-29,1,0.372924,0.304956,0.565672,0.0,0.304956
2025-01-30,1,0.190581,0.229977,0.815617,0.0,0.229977
2025-02-10,2,0.32084250000000003,0.3450875,0.8041484999999999,0.10877494325670777,0.3638203783778743
2025-02-12,3,0.17110066666666668,0.15445266666666665,0.9158606666666667,0.24896438344938684,0.15907806358827506
2025-02-14,1,0.263662,0.129685,0.569421,0.0,0.129685
2025-02-17,2,0.31039700000000003,0.3408495,0.8903345,0.004818932713786274,0.34054229916003476
2025-02-18,1,0.389825,0.369589,1.0,0.0,0.369589
2025-02-20,2,0.3260465,0.44655849999999997,0.9775395,0.0009439875528840822,0.44657383685723184
2025-02-23,1,-0.034312,0.035496,0.556658,0.0,0.035496
2025-02-24,1,0.120486,0.103444,0.625584,0.0,0.103444
2025-02-25,2,0.350973,0.2556795,0.776177,0.24891502200650725,0.30643464260085007
2025-03-03,1,0.257125,0.304155,0.602011,0.0,0.304155
2025-03-04,1,0.281753,0.224462,0.640483,0.0,0.224462
2025-03-05,3,0.330746,0.289161,0.595561,0.05333793913341608,0.2900038458730508
2025-03-12,2,0.43541549999999996,0.475974,1.0,0.024574789073357257,0.475974
2025-03-13,2,-0.014576000000000006,0.0019235000000000224,0.7950035,0.46719464271810734,0.06333068540515863
2025-03-14,1,0.039096,-0.405968,0.917061,0.0,-0.405968
2025-03-17,1,0.367607,0.461103,1.0,0.0,0.461103
2025-03-18,9,0.2788718888888889,0.34836155555555554,0.8358227777777778,0.16982919890665965,0.39245553350251683
2025-03-20,1,0.447745,0.402341,1.0,0.0,0.402341
2025-03-21,3,0.16273166666666666,0.129019,0.7038603333333334,0.09710118203708953,0.1154042182113781
2025-03-25,1,0.419542,0.443548,1.0,0.0,0.443548
2025-03-27,1,0.227513,0.319028,0.907139,0.0,0.319028
2025-03-28,1,0.270702,0.389213,0.616174,0.0,0.389213
2025-04-02,1,0.465617,0.345822,0.629943,0.0,0.345822
2025-04-03,2,0.36877150000000003,0.3051935,0.6753039999999999,0.13934882626165168,0.30975118608212004
2025-04-04,1,0.181754,0.194532,0.618007,0.0,0.194532
2025-04-08,1,0.359861,0.331968,0.861391,0.0,0.33196799999999993
2025-04-11,1,-0.145155,-0.216076,0.610389,0.0,-0.21607600000000002
2025-04-15,2,-0.0328595,-0.04321599999999999,0.9510274999999999,0.24815488221673174,-0.052175237918987614
2025-04-17,1,0.329101,0.343014,0.600883,0.0,0.343014
2025-04-23,1,0.539841,0.545184,1.0,0.0,0.545184
2025-04-24,3,0.7051196666666667,0.701402,1.0,0.25643769524584326,0.701402
2025-04-29,1,0.108287,0.101167,1.0,0.0,0.101167
2025-05-01,1,0.043034,0.229029,0.642439,0.0,0.229029
2025-05-06,1,-0.195158,0.028941,0.608583,0.0,0.028941
2025-05-07,2,0.40676049999999997,0.3948785,0.8061235,0.08064906392823164,0.40859388244915323
2025-05-08,1,0.143473,0.106593,0.612536,0.0,0.106593
2025-05-09,2,0.3311545,0.3303705,0.6774355,0.02218830368685269,0.32939651195575076
2025-05-10,1,0.40228,0.412728,1.0,0.0,0.412728
2025-05-11,1,0.233931,0.146008,0.561924,0.0,0.146008
2025-05-14,2,0.281902,0.2699415,1.0,0.22991082015533765,0.2699415
2025-05-20,2,0.4147015,0.4059795,0.715795,0.1412650856386673,0.3918388549340244
2025-05-21,1,-0.066738,0.003712,0.605905,0.0,0.003712
2025-05-24,1,0.272278,0.29953,1.0,0.0,0.29953
2025-05-26,1,-0.829476,-0.802002,1.0,0.0,-0.802002
2025-05-27,1,0.327902,0.430749,0.975094,0.0,0.430749
2025-05-28,2,0.16590850000000001,0.11327899999999999,0.851221,0.5135080155654826,0.17674359825944141
2025-06-04,2,0.124969,0.2161545,0.8109955,0.28410772650616173,0.26297345833608204
2025-06-09,1,0.2275,0.113209,0.620758,0.0,0.113209
2025-06-11,1,0.627544,0.503973,0.606218,0.0,0.503973
2025-06-12,4,0.20729075,0.23772575,0.92517675,0.31861902791303914,0.22730334762303528
2025-06-16,6,0.35664500000000005,0.41717183333333335,0.9580975,0.04415380654220729,0.4205729306446717
2025-06-17,1,0.425933,0.446048,1.0,0.0,0.446048
2025-06-20,2,0.40135,0.40729800000000005,0.9168324999999999,0.012709537285047017,0.4081132266880811
2025-06-26,1,0.333799,0.431314,0.803696,0.0,0.431314
2025-06-27,2,0.21533549999999999,0.20343850000000002,0.8140545,0.1291537606905041,0.18257802227983508
2025-06-30,1,0.055343,0.20699,0.609581,0.0,0.20699
2025-07-01,1,-0.069108,-0.112736,0.634354,0.0,-0.11273600000000002
2025-07-05,2,-0.1001195,-0.100099,1.0,0.5571506461003164,-0.100099
2025-07-08,1,-0.296218,0.111428,0.625144,0.0,0.11142800000000001
2025-07-09,1,0.713497,0.702589,1.0,0.0,0.702589
2025-07-10,4,0.099088,0.09006675,0.74241375,0.21905495585868404,0.058973271560501125
2025-07-11,2,-0.036906499999999995,0.123447,0.617461,0.020080418372135575,0.12353334917023098
2025-07-13,3,0.23938933333333334,0.20418900000000004,0.658145,0.1125890242741272,0.21267099761501393
2025-07-15,2,0.2410815,0.1208195,0.6163595,0.01893419827983218,0.12092640433545683
2025-07-17,2,0.5497295,0.5445375,0.9741605,0.3293767026377245,0.5507102454903477
2025-07-21,3,0.029364000000000005,0.05854199999999999,0.7825320000000001,0.26445712577088937,0.08298879763681653
2025-07-22,2,0.367306,0.333337,0.9681715,0.18251698814630926,0.3375797962210208
2025-07-24,1,-0.23739,-0.23271,1.0,0.0,-0.23271
2025-07-28,1,0.272213,0.329284,0.62011,0.0,0.329284
2025-07-29,1,-0.132949,0.017148,0.63454,0.0,0.017148
2025-07-31,2,0.1449465,0.0010524999999999979,0.7284405,0.1764592043518841,-0.001673343660875526
2025-08-01,2,0.324871,0.27780499999999997,0.6890105,0.2188863183298582,0.2889297205028081
2025-08-03,1,0.287589,0.238391,0.632799,0.0,0.23839099999999996
2025-08-04,2,0.266361,0.2216225,0.7978004999999999,0.3090714243091716,0.2736179341282689
2025-08-05,1,0.009307,-0.100925,0.731823,0.0,-0.100925
2025-08-10,1,-0.131266,-0.645134,0.929287,0.0,-0.645134
2025-08-11,2,-0.155871,-0.1330345,0.802369,0.3938450420920644,-0.20162931860029487
2025-08-12,3,0.12585066666666667,0.11647466666666666,0.7939769999999999,0.22637204664961028,0.09169300356139619
2025-08-14,1,0.434117,0.447267,1.0,0.0,0.447267
2025-08-15,1,0.109687,0.145486,0.635287,0.0,0.145486
2025-08-16,1,-0.451097,-0.476633,1.0,0.0,-0.476633
2025-08-18,1,-0.365161,-0.329655,0.610409,0.0,-0.329655
2025-08-19,4,0.07607249999999999,0.08821225,0.8449975000000001,0.3524342583786609,0.09651992266841025
2025-08-20,1,0.284185,0.148121,0.60233,0.0,0.148121
2025-08-21,1,0.549118,0.508293,1.0,0.0,0.508293
2025-08-25,2,0.0820865,0.24438100000000001,0.8262160000000001,0.02719391259087227,0.24619445368644516
2025-08-27,1,0.312227,0.267315,0.601415,0.0,0.267315
2025-08-28,1,0.359131,0.431013,1.0,0.0,0.431013
2025-08-29,1,0.389086,0.122957,0.591891,0.0,0.122957
2025-09-01,1,0.304116,0.227478,0.617349,0.0,0.22747800000000004
2025-09-02,1,0.336417,0.011923,0.636778,0.0,0.011923
2025-09-03,1,0.542217,0.336616,0.610715,0.0,0.336616
2025-09-05,2,0.12913449999999999,-0.0798975,0.6363075,0.1927862999294815,-0.09559323979836792
2025-09-06,1,0.100524,0.132849,0.558988,0.0,0.132849
2025-09-09,1,0.335234,0.298452,0.645927,0.0,0.298452
2025-09-10,1,0.049732,0.034579,1.0,0.0,0.034579
2025-09-11,3,0.26858766666666667,0.20440566666666668,0.874496,0.39368029117334963,0.2695577772004294
2025-09-12,3,0.40064133333333335,0.42768233333333333,0.9001073333333333,0.16739468074384362,0.436932506010024
2025-09-15,1,0.184425,0.325726,0.961781,0.0,0.325726
2025-09-17,1,0.216118,0.428083,1.0,0.0,0.428083
2025-09-18,4,0.27793025,0.22333925000000002,0.81165425,0.2687473913167965,0.25309178792601655
2025-09-23,2,0.2534725,0.231225,0.6172505,0.14660162051628217,0.2305010810051997
2025-09-30,5,0.3893336,0.3384588,0.7040056,0.16038888357738515,0.329139208919645
2025-10-01,1,0.320793,0.353768,0.927297,0.0,0.353768
2025-10-05,1,0.179349,0.105508,0.555997,0.0,0.105508
2025-10-08,1,0.267757,0.141614,0.615022,0.0,0.141614
2025-10-09,1,0.120332,0.134731,0.5791,0.0,0.134731
2025-10-12,7,0.04044728571428572,0.08948571428571428,0.6994551428571428,0.3748028012082773,0.13709169355698497
2025-10-13,27,0.2269942962962963,0.22886125925925926,0.5904464814814815,0.17679785965411557,0.2869555301671585
2025-10-14,43,0.19216881395348837,0.17571511627906977,0.5409598837209303,0.2416772233703664,0.1934497972124916
2025-10-15,48,0.16325435416666664,0.14284787499999999,0.7354288541666666,0.3363402187514471,0.16181590286013675
2025-10-16,52,0.16915917307692308,0.09346244230769231,0.6730194038461538,0.33416481205697735,0.03761139573013225
2025-10-17,39,0.1759836153846154,0.15367297435897437,0.7214784102564102,0.30464841290718675,0.14659869218642863
2025-10-18,10,0.2000321,0.2325953,0.7120409999999999,0.22389663487226022,0.24871348561360937
2025-10-19,21,0.18479557142857145,0.17650085714285715,0.7979768095238094,0.22491651609792596,0.1853940468651285
2025-10-21,2,-0.06314049999999999,-0.0501855,0.460217,0.11342487744979053,-0.07463603322671696
2025-10-22,1,0.11421,0.137699,0.629797,0.0,0.137699
2025-10-23,2,0.21411600000000003,0.183399,0.619633,0.10842916804070758,0.20653283378709658
2025-10-24,1,0.129338,0.129548,0.900764,0.0,0.129548
2025-10-26,1,0.188536,-0.121186,0.310445,0.0,-0.12118600000000002
2025-10-27,3,0.19224066666666664,0.09215566666666668,0.6420266666666666,0.0420415735948755,0.10572944435174034
2025-10-28,9,0.3643122222222222,0.351151,0.9174356666666666,0.184174355292071,0.3764248544427154
2025-10-29,1,-0.090846,-0.141499,0.571237,0.0,-0.141499
2025-10-30,4,0.27448625,0.29814875,0.460405,0.24120694915552635,0.2869234054761568
2025-10-31,1,0.212393,0.135286,0.33909,0.0,0.135286
2025-11-01,1,0.332107,0.420706,1.0,0.0,0.420706
2025-11-02,7,0.30292771428571424,0.279667,0.6900227142857143,0.1409236274937599,0.2933342838813381
2025-11-03,5,0.2984308,0.2603072,0.7734601999999999,0.3241864227642793,0.2071779060541189
2025-11-04,4,0.07944699999999999,0.08073325,0.77902825,0.18347399583296994,0.08251099368508139
2025-11-05,3,0.041471,0.029551000000000004,0.8673043333333333,0.22635649808432715,-0.001260464678104139
2025-11-06,13,0.11706423076923077,0.13152523076923076,0.9599683846153847,0.357813148898545,0.13436938639277304
2025-11-07,3,0.11843266666666667,0.09942266666666667,0.746077,0.03721673900724422,0.10316159666718941
2025-11-08,1,-0.295811,-0.119728,0.620038,0.0,-0.119728
2025-11-09,3,0.23639433333333335,0.2752326666666666,0.738935,0.23337171386509836,0.31369776483678086
2025-11-10,10,0.23295399999999997,0.24267029999999998,0.7707689,0.2503629751580914,0.2956442282968345
2025-11-11,8,0.206261875,0.17187025,0.85731925,0.21383781904701915,0.174469758204572
2025-11-13,1,0.346244,0.201624,0.634868,0.0,0.201624
2025-11-14,1,0.144848,0.123748,0.644496,0.0,0.123748
2025-11-15,1,-0.042402,0.112887,0.646983,0.0,0.11288700000000002
2025-11-16,5,0.1974678,0.1869574,0.9181114000000001,0.2515824012988587,0.19471439586154793
2025-11-17,10,0.1341929,0.1429183,0.8529101000000001,0.2874019778181578,0.11548666317083124
2025-11-18,16,0.140589,0.088180625,0.8776599375,0.21138412028717607,0.08673993880396015
2025-11-19,21,0.24451057142857144,0.28644261904761903,0.874163380952381,0.1838591629232757,0.3047084884828383
2025-11-20,5,0.21347199999999997,0.1538882,0.822747,0.2555627589207786,0.17677884018319118
2025-11-21,9,0.18827266666666664,0.1595088888888889,0.7477323333333333,0.1765140831544642,0.1538479968005485
2025-11-22,3,0.32932933333333336,0.28913,0.8699213333333334,0.012994558822830439,0.28715950381413796
2025-11-23,4,0.07459275000000001,0.0296525,0.577563,0.1089627798057667,0.03342074269863201
2025-11-24,9,0.24571266666666666,0.19289655555555554,0.7205739999999999,0.2624578950456202,0.18902634075303545
2025-11-25,10,0.2753829,0.2345421,0.7522683,0.1625894835798634,0.2545797508398267
2025-11-26,2,-0.009469,-0.11063400000000001,0.984893,0.32866040346838254,-0.10706931166735882
2025-11-27,4,0.21326675,0.20771299999999998,0.71317175,0.2139550500564702,0.2256498667203938
2025-11-28,9,0.25699155555555553,0.259023,0.7640805555555557,0.2635620450472716,0.32757830337071786
2025-11-29,4,0.26339825,0.32229575,0.79488775,0.2987207734505866,0.3073536208581023
2025-11-30,5,0.12366220000000001,0.13079780000000002,0.8399194,0.2325597517966082,0.15611028669203258
2025-12-01,17,0.1928064117647059,0.17688923529411765,0.7982535294117646,0.1591310345483909,0.18098070465140442
2025-12-02,12,0.216405,0.24386666666666668,0.8708834166666667,0.19603239774232742,0.25811819963598265
2025-12-03,3,0.46982566666666664,0.4743570000000001,0.8772713333333333,0.2952466274811619,0.5093571474412706
2025-12-04,17,0.26128664705882354,0.26673829411764705,0.7416041764705883,0.14248973662327608,0.2805992517618603
2025-12-05,12,0.28567566666666666,0.28446916666666666,0.8444815833333333,0.23465340350933578,0.3065758632377911
2025-12-06,5,0.24320560000000002,0.20177260000000002,0.6232371999999999,0.11679948888287141,0.20062100750532863
2025-12-07,7,0.122054,0.10695485714285714,0.6296538571428572,0.042585329678300296,0.1085815357828122
2025-12-08,20,0.0785725,0.06892995,0.7706763,0.2884250014382969,0.0773236481736885
2025-12-09,12,0.16111158333333334,0.13749266666666665,0.8414533333333334,0.22269408286433628,0.135671256762209
2025-12-10,25,0.2521816,0.23207004,0.84600504,0.29534886973931357,0.27685876422873323
2025-12-11,18,0.22613022222222223,0.22127244444444444,0.8395347777777777,0.2725607362416942,0.24538432249077632
2025-12-12,8,0.15713200000000002,0.186255375,0.6958725,0.14765980259263667,0.18136437915153278
2025-12-13,8,0.2356825,0.268228625,0.84855625,0.09167567839779768,0.2732334993453587
2025-12-14,18,0.17722866666666665,0.19957666666666665,0.6706987222222223,0.11356930853266756,0.20819103336777225
2025-12-15,12,0.18540341666666668,0.15787925,0.7721184166666667,0.2794029773460564,0.16205891480559814
2025-12-16,10,0.1454485,0.1532762,0.8430664999999999,0.2767039978716928,0.1536853974018657
2025-12-17,14,0.13888707142857143,0.08904535714285713,0.7241032857142857,0.25746210494619237,0.06916489302453496
2025-12-18,11,0.12440054545454546,0.1945598181818182,0.6910497272727273,0.22270385690320596,0.20207643821961505
2025-12-19,5,-0.01310119999999999,-0.017412600000000007,0.7661436,0.22262261922769663,-0.04560886238036838
2025-12-20,4,0.04321600000000001,0.014183249999999994,0.73469525,0.15740344382800736,0.009419230673534361
2025-12-21,12,0.19108375,0.14028258333333335,0.6652085,0.1727010464296656,0.144465786937479
2025-12-22,23,0.13111173913043478,0.13349530434782608,0.7097053043478262,0.12680922150309631,0.14418559495515038
2025-12-23,20,0.18114875,0.18859645,0.70331115,0.1671062190015601,0.1947041719582435
2025-12-24,7,0.16098585714285715,0.23031514285714286,0.8617864285714286,0.3106335715192573,0.24042274521314114
2025-12-25,6,0.02279416666666667,-0.03273616666666667,0.8559876666666666,0.14251108864003062,-0.03429536587949281
2025-12-26,14,0.27808828571428573,0.2839962857142857,0.8434762142857143,0.13424163151079965,0.30425504117602775
2025-12-27,11,0.2291088181818182,0.216693,0.7320550909090909,0.09712781323905115,0.230743981793099
2025-12-28,9,0.14168666666666666,0.16652455555555556,0.7303120000000001,0.11138103289845977,0.17427948019020179
2025-12-29,18,0.08471477777777778,0.018962222222222217,0.7401919444444445,0.2022811897522723,0.04295471086561255
2025-12-30,9,0.18618055555555554,0.13891255555555557,0.810524,0.1955511088245929,0.14760848463984066
2025-12-31,10,0.20289480000000001,0.20743490000000003,0.9139799,0.18413374747989267,0.22410288368431294
2026-01-01,9,0.07152477777777778,0.03091022222222222,0.7130427777777777,0.10911448867219442,0.019414133460124338
2026-01-02,10,0.035941499999999994,0.0101781,0.8312606,0.341171899387798,0.01910903923919886
2026-01-03,4,0.23681075000000001,0.231189,0.72220125,0.1157972463259238,0.2428346798461648
2026-01-04,6,0.20700149999999998,0.23939716666666666,0.8215906666666667,0.12406430233619446,0.2757551519120227
2026-01-05,19,0.09757326315789475,-0.0334881052631579,0.7697286842105263,0.3346729054167657,-0.07838640273370419
2026-01-06,13,0.24756561538461538,0.1800940769230769,0.771683923076923,0.18609996712540527,0.1859513293612341
2026-01-07,13,0.10710946153846154,0.13347923076923077,0.8320141538461538,0.2140007214225199,0.13710544647234182
2026-01-08,17,0.18626470588235294,0.16070923529411765,0.8628878235294117,0.24862203137934333,0.17511809160000555
2026-01-09,12,0.18877616666666666,0.17621891666666667,0.7208629166666666,0.12315334034332848,0.20627878142238093
2026-01-10,5,0.018393799999999995,-0.1116388,0.6916793999999999,0.21651332427520484,-0.12900469928553604
2026-01-11,3,0.08596999999999999,0.11910966666666667,0.8755866666666666,0.13610942016750102,0.12412146708492591
2026-01-12,12,0.14923108333333332,0.11430683333333334,0.8653317500000001,0.22156671875320222,0.12354327652400365
2026-01-13,23,-0.0701834347826087,-0.20717447826086954,0.8249681304347827,0.3368253127076771,-0.24631427032712253
2026-01-14,15,-0.07240613333333332,-0.0701158,0.7818312,0.2880207186176518,-0.0878923058715658
2026-01-15,15,0.26037133333333334,0.21672473333333334,0.6600808666666667,0.17630460179573412,0.24328528267475916
2026-01-16,11,0.07202818181818181,0.04307072727272727,0.8256922727272727,0.2816484348545508,0.036057751242676246
2026-01-17,5,0.09789460000000001,0.0852914,0.8453984,0.20245765768624313,0.06184700747694815
2026-01-18,5,0.0177108,0.032697,0.7846616,0.14395865045560827,0.03366396034290451
2026-01-19,7,0.07536814285714286,0.050709428571428565,0.8292795714285714,0.2866817231366852,0.06713816845034337
2026-01-20,20,0.1202041,0.13655630000000002,0.81419225,0.2694612458928292,0.15135016749735705
2026-01-21,7,0.20769114285714285,0.14596857142857142,0.8931060000000001,0.26671741579548014,0.16015502830858983
2026-01-22,11,0.17368718181818182,0.24935581818181818,0.7589381818181817,0.33500445294169395,0.3033428283131217
2026-01-23,6,0.15118383333333332,0.10963166666666668,0.617785,0.04786543355561157,0.1094724372764527
2026-01-24,5,0.0761652,0.049549199999999995,0.8466210000000001,0.08965712302265783,0.03688173258849001
2026-01-25,9,0.14059666666666665,0.13190455555555555,0.860062,0.10821450368147413,0.13879378180642793
2026-01-26,13,0.12355753846153847,0.11968923076923077,0.7353386923076923,0.1438539903085497,0.14409003034624654
2026-01-27,13,0.11925615384615385,0.0948186923076923,0.8109766923076923,0.17521391907150938,0.08313657922929966
2026-01-28,7,0.14750971428571427,0.09896599999999998,0.8091348571428572,0.2596493440995631,0.10215112161719818
2026-01-29,15,0.1209754,0.12452846666666667,0.7223834,0.22729284471669917,0.12610540850634167
2026-01-30,13,-0.00018046153846153852,0.01868707692307692,0.8413717692307692,0.24795006378451206,0.02325956445220914
2026-01-31,6,0.04941733333333334,0.11002483333333335,0.7684008333333333,0.26149073911969933,0.09490894150362061
2026-02-01,9,-0.05956611111111111,-0.03689155555555556,0.747201,0.19621064558791854,-0.0613134371269132
2026-02-02,16,0.108674875,0.099327,0.864387125,0.2932657360799814,0.07106739791394104
2026-02-03,18,0.007976555555555553,-0.12466150000000001,0.7567582777777777,0.2947016411733479,-0.12704376536350337
2026-02-04,17,-0.048038000000000004,-0.07767111764705882,0.7398339411764706,0.2856805340404037,-0.09676466905236365
2026-02-05,16,-0.069909625,-0.11192274999999999,0.7275268125000001,0.25295720506349156,-0.10668216507948287
2026-02-06,19,0.058729526315789475,0.057728947368421046,0.6885181578947368,0.2379262010342875,0.057281910339481934
2026-02-07,5,0.18734040000000002,0.1983784,0.6807567999999999,0.1937010735316147,0.1937116945258571
2026-02-08,5,0.2297944,0.13338940000000002,0.7820874,0.19084233241946086,0.10788467436759626
2026-02-09,11,0.10401909090909091,0.08889563636363637,0.719293,0.22318255753408364,0.09684482079499024
2026-02-10,17,0.117805,0.10538058823529413,0.6999173529411765,0.20830102711312387,0.106412533380958
2026-02-11,15,0.15528899999999998,0.15578526666666667,0.8886843333333334,0.26878415714325415,0.18502320308606018
2026-02-12,13,-0.13977723076923076,-0.08343846153846154,0.7994270769230769,0.27844955290399714,-0.08246641482756112
2026-02-13,11,0.04561981818181819,0.03759163636363636,0.8384956363636363,0.28701162705377387,0.029645331804729946
2026-02-14,2,0.0467905,0.024170500000000004,0.816494,0.14535216283392552,0.0010709365898585923
2026-02-15,9,0.09631411111111111,0.07070755555555555,0.7051452222222223,0.1092121035875959,0.06345629416414932
2026-02-16,10,0.2031676,0.1613446,0.6623471000000001,0.28141520326742203,0.17186466080126267
2026-02-17,12,0.03601533333333334,-0.07516241666666666,0.7862895833333333,0.29672559102261414,-0.1112007901247155
2026-02-18,10,-0.09839619999999999,-0.2115993,0.7645569,0.38745132546511923,-0.23716872589757543
2026-02-19,9,0.22083,0.17569677777777779,0.8308222222222222,0.29311997189324107,0.20795796894134325
2026-02-20,11,0.1711219090909091,0.17738627272727273,0.8463827272727272,0.2596096846961187,0.1896619514333189
2026-02-21,5,0.10544100000000001,0.07003240000000001,0.681474,0.24037530122040407,0.0342495175798343
2026-02-22,9,0.2271238888888889,0.27197133333333334,0.8136708888888889,0.2172945476754997,0.31578993678730055
2026-02-23,11,-0.020449636363636368,-0.007931090909090905,0.8319659090909091,0.2360575745429299,-0.02005965555013454
2026-02-24,11,0.013749363636363641,0.031857363636363635,0.7455502727272727,0.23203723000125334,0.03498302924283015
2026-02-25,14,0.1739807142857143,0.19665764285714288,0.7854924285714286,0.18845944350916913,0.2012750089853553
2026-02-26,11,0.0883348181818182,0.003512454545454548,0.9305317272727273,0.19410567287298103,-0.002541191757713503
2026-02-27,17,0.09302764705882352,0.09985870588235295,0.7699355882352942,0.19503461576274247,0.08852180630358307
2026-02-28,5,0.1568444,0.2197952,0.7742256,0.19244262590886668,0.2381026026395924
2026-03-01,7,0.18576014285714287,0.19073585714285715,0.8915821428571429,0.22132547281280013,0.16897508425535665
2026-03-02,17,0.11458094117647058,0.0831545882352941,0.7513929411764706,0.1445085202215854,0.0781493636308409
2026-03-03,11,0.19940945454545453,0.1503469090909091,0.8027367272727273,0.21986773321133526,0.1562348402129805
2026-03-04,15,0.11423446666666666,0.07729019999999999,0.8348113333333332,0.2964100644811894,0.055804359758731915
2026-03-05,12,0.1334045,0.11146658333333333,0.8647621666666666,0.2846930385844497,0.1276645207619706
2026-03-06,9,0.19817655555555558,0.212731,0.8405537777777777,0.22031662569924224,0.2206370184299134
2026-03-07,10,0.023201899999999998,-0.0741246,0.7364548,0.185951640448203,-0.0688460573167559
2026-03-08,16,0.1092491875,0.025379875000000003,0.8493190625,0.20084123442821694,0.019811651088353508
2026-03-09,20,0.1465674,0.11617760000000002,0.8960395999999999,0.30667594648361496,0.12069280302617208
2026-03-10,18,0.03132255555555556,0.021136833333333337,0.8537342777777778,0.27407114292787943,0.023899252085592335
2026-03-11,14,0.007406928571428572,0.0009163571428571394,0.7536575714285715,0.23153214443741008,-0.007894575083549703
2026-03-12,42,0.058873452380952374,0.021952571428571425,0.8089406190476192,0.29983730066488884,0.015995686198904586
2026-03-13,43,0.024366790697674418,0.004431720930232556,0.7378757906976744,0.27882384740278526,-0.012800735437700031
2026-03-14,19,-1.7578947368424025e-05,-0.0814578947368421,0.7171026315789474,0.26389216505587504,-0.10572709244254108
2026-03-15,8,0.104290625,0.10525975,0.626142375,0.21477942624652324,0.10594414535891297
2026-03-16,15,0.155548,0.07229906666666668,0.7097682,0.3161368782219559,0.06445532355765353
2026-03-17,15,0.150118,0.03389453333333333,0.8014325333333333,0.22801033316711974,0.03346740838247312
2026-03-18,16,0.10935281250000001,0.0637359375,0.7132351875,0.3158561206476706,0.06393324849762476
2026-03-19,14,0.04659957142857143,0.018058785714285725,0.7305117142857143,0.2982931824969879,0.006471245126019305
2026-03-20,14,0.198496,0.15237064285714283,0.7352778571428571,0.20121593077533825,0.1655451317882744
